Date,GEO,Vehicle_type,O_Manu,Sales_dollars,Sales_units
2019-12,Newfoundland  & Labrador,Passenger cars,North America,3639,140
2019-12,Newfoundland  & Labrador,Passenger cars,Total overseas,2584,75
2019-12,Newfoundland  & Labrador,Passenger cars,Japan,0,0
2019-12,Newfoundland  & Labrador,Passenger cars,Other countries,0,0
2019-12,Newfoundland  & Labrador,Trucks,North America,43738,945
2019-12,Newfoundland  & Labrador,Trucks,Total overseas,7809,219
2019-12,Prince Edward Island,Passenger cars,North America,1790,70
2019-12,Prince Edward Island,Passenger cars,Total overseas,629,23
2019-12,Prince Edward Island,Passenger cars,Japan,0,0
2019-12,Prince Edward Island,Passenger cars,Other countries,0,0
2019-12,Prince Edward Island,Trucks,North America,13310,303
2019-12,Prince Edward Island,Trucks,Total overseas,2745,78
2019-12,Nova Scotia,Passenger cars,North America,9644,339
2019-12,Nova Scotia,Passenger cars,Total overseas,6909,192
2019-12,Nova Scotia,Passenger cars,Japan,1379,45
2019-12,Nova Scotia,Passenger cars,Other countries,5531,147
2019-12,Nova Scotia,Trucks,North America,71615,1550
2019-12,Nova Scotia,Trucks,Total overseas,19501,515
2019-12,New Brunswick,Passenger cars,North America,5895,221
2019-12,New Brunswick,Passenger cars,Total overseas,4474,128
2019-12,New Brunswick,Passenger cars,Japan,1426,48
2019-12,New Brunswick,Passenger cars,Other countries,3048,80
2019-12,New Brunswick,Trucks,North America,68903,1384
2019-12,New Brunswick,Trucks,Total overseas,14601,395
2019-12,Quebec,Passenger cars,North America,94067,3334
2019-12,Quebec,Passenger cars,Total overseas,103881,2637
2019-12,Quebec,Passenger cars,Japan,21475,691
2019-12,Quebec,Passenger cars,Other countries,82406,1946
2019-12,Quebec,Trucks,North America,650969,12156
2019-12,Quebec,Trucks,Total overseas,203132,5114
2019-12,Ontario,Passenger cars,North America,205529,6807
2019-12,Ontario,Passenger cars,Total overseas,179768,4093
2019-12,Ontario,Passenger cars,Japan,34050,1049
2019-12,Ontario,Passenger cars,Other countries,145718,3044
2019-12,Ontario,Trucks,North America,1538468,31583
2019-12,Ontario,Trucks,Total overseas,374253,8494
2019-12,Manitoba,Passenger cars,North America,8058,275
2019-12,Manitoba,Passenger cars,Total overseas,7273,175
2019-12,Manitoba,Passenger cars,Japan,1421,44
2019-12,Manitoba,Passenger cars,Other countries,5852,131
2019-12,Manitoba,Trucks,North America,128433,2490
2019-12,Manitoba,Trucks,Total overseas,18361,448
2019-12,Saskatchewan,Passenger cars,North America,5604,184
2019-12,Saskatchewan,Passenger cars,Total overseas,5792,129
2019-12,Saskatchewan,Passenger cars,Japan,1148,36
2019-12,Saskatchewan,Passenger cars,Other countries,4644,93
2019-12,Saskatchewan,Trucks,North America,130734,2455
2019-12,Saskatchewan,Trucks,Total overseas,13463,311
2019-12,Alberta,Passenger cars,North America,28601,860
2019-12,Alberta,Passenger cars,Total overseas,25063,548
2019-12,Alberta,Passenger cars,Japan,4913,160
2019-12,Alberta,Passenger cars,Other countries,20150,388
2019-12,Alberta,Trucks,North America,576376,10424
2019-12,Alberta,Trucks,Total overseas,86550,1932
2019-12,British Columbia and the Territories,Passenger cars,North America,41182,1317
2019-12,British Columbia and the Territories,Passenger cars,Total overseas,53047,1130
2019-12,British Columbia and the Territories,Passenger cars,Japan,9605,302
2019-12,British Columbia and the Territories,Passenger cars,Other countries,43442,828
2019-12,British Columbia and the Territories,Trucks,North America,396798,7724
2019-12,British Columbia and the Territories,Trucks,Total overseas,130135,2848
2020-01,Newfoundland  & Labrador,Passenger cars,North America,3297,128
2020-01,Newfoundland  & Labrador,Passenger cars,Total overseas,2014,67
2020-01,Newfoundland  & Labrador,Passenger cars,Japan,431,14
2020-01,Newfoundland  & Labrador,Passenger cars,Other countries,1583,53
2020-01,Newfoundland  & Labrador,Trucks,North America,44828,1024
2020-01,Newfoundland  & Labrador,Trucks,Total overseas,5371,146
2020-01,Prince Edward Island,Passenger cars,North America,1422,60
2020-01,Prince Edward Island,Passenger cars,Total overseas,814,26
2020-01,Prince Edward Island,Passenger cars,Japan,193,6
2020-01,Prince Edward Island,Passenger cars,Other countries,622,20
2020-01,Prince Edward Island,Trucks,North America,12056,292
2020-01,Prince Edward Island,Trucks,Total overseas,2078,63
2020-01,Nova Scotia,Passenger cars,North America,10351,401
2020-01,Nova Scotia,Passenger cars,Total overseas,7148,201
2020-01,Nova Scotia,Passenger cars,Japan,1668,56
2020-01,Nova Scotia,Passenger cars,Other countries,5481,145
2020-01,Nova Scotia,Trucks,North America,73454,1633
2020-01,Nova Scotia,Trucks,Total overseas,16868,450
2020-01,New Brunswick,Passenger cars,North America,7426,287
2020-01,New Brunswick,Passenger cars,Total overseas,3529,105
2020-01,New Brunswick,Passenger cars,Japan,1072,33
2020-01,New Brunswick,Passenger cars,Other countries,2457,72
2020-01,New Brunswick,Trucks,North America,75273,1588
2020-01,New Brunswick,Trucks,Total overseas,12280,351
2020-01,Quebec,Passenger cars,North America,110837,4133
2020-01,Quebec,Passenger cars,Total overseas,85467,2296
2020-01,Quebec,Passenger cars,Japan,20179,631
2020-01,Quebec,Passenger cars,Other countries,65287,1665
2020-01,Quebec,Trucks,North America,644013,12816
2020-01,Quebec,Trucks,Total overseas,195796,5153
2020-01,Ontario,Passenger cars,North America,204389,6938
2020-01,Ontario,Passenger cars,Total overseas,139846,3155
2020-01,Ontario,Passenger cars,Japan,24609,682
2020-01,Ontario,Passenger cars,Other countries,115237,2473
2020-01,Ontario,Trucks,North America,1450060,30445
2020-01,Ontario,Trucks,Total overseas,307921,7093
2020-01,Manitoba,Passenger cars,North America,9119,345
2020-01,Manitoba,Passenger cars,Total overseas,7254,193
2020-01,Manitoba,Passenger cars,Japan,999,30
2020-01,Manitoba,Passenger cars,Other countries,6255,163
2020-01,Manitoba,Trucks,North America,123300,2461
2020-01,Manitoba,Trucks,Total overseas,17493,449
2020-01,Saskatchewan,Passenger cars,North America,6595,238
2020-01,Saskatchewan,Passenger cars,Total overseas,4158,112
2020-01,Saskatchewan,Passenger cars,Japan,882,25
2020-01,Saskatchewan,Passenger cars,Other countries,3277,87
2020-01,Saskatchewan,Trucks,North America,121771,2472
2020-01,Saskatchewan,Trucks,Total overseas,12286,306
2020-01,Alberta,Passenger cars,North America,29076,964
2020-01,Alberta,Passenger cars,Total overseas,22850,538
2020-01,Alberta,Passenger cars,Japan,4911,166
2020-01,Alberta,Passenger cars,Other countries,17939,372
2020-01,Alberta,Trucks,North America,585432,11344
2020-01,Alberta,Trucks,Total overseas,82583,1891
2020-01,British Columbia and the Territories,Passenger cars,North America,41658,1343
2020-01,British Columbia and the Territories,Passenger cars,Total overseas,60137,1307
2020-01,British Columbia and the Territories,Passenger cars,Japan,10959,330
2020-01,British Columbia and the Territories,Passenger cars,Other countries,49178,977
2020-01,British Columbia and the Territories,Trucks,North America,397357,7901
2020-01,British Columbia and the Territories,Trucks,Total overseas,96191,2130
2020-02,Newfoundland  & Labrador,Passenger cars,North America,4247,172
2020-02,Newfoundland  & Labrador,Passenger cars,Total overseas,2426,70
2020-02,Newfoundland  & Labrador,Passenger cars,Japan,0,0
2020-02,Newfoundland  & Labrador,Passenger cars,Other countries,0,0
2020-02,Newfoundland  & Labrador,Trucks,North America,54532,1245
2020-02,Newfoundland  & Labrador,Trucks,Total overseas,9583,279
2020-02,Prince Edward Island,Passenger cars,North America,1533,61
2020-02,Prince Edward Island,Passenger cars,Total overseas,752,31
2020-02,Prince Edward Island,Passenger cars,Japan,0,0
2020-02,Prince Edward Island,Passenger cars,Other countries,0,0
2020-02,Prince Edward Island,Trucks,North America,12117,288
2020-02,Prince Edward Island,Trucks,Total overseas,3149,96
2020-02,Nova Scotia,Passenger cars,North America,11978,464
2020-02,Nova Scotia,Passenger cars,Total overseas,5582,173
2020-02,Nova Scotia,Passenger cars,Japan,1126,39
2020-02,Nova Scotia,Passenger cars,Other countries,4456,134
2020-02,Nova Scotia,Trucks,North America,74465,1689
2020-02,Nova Scotia,Trucks,Total overseas,19142,561
2020-02,New Brunswick,Passenger cars,North America,8097,305
2020-02,New Brunswick,Passenger cars,Total overseas,4190,130
2020-02,New Brunswick,Passenger cars,Japan,817,29
2020-02,New Brunswick,Passenger cars,Other countries,3373,101
2020-02,New Brunswick,Trucks,North America,72171,1518
2020-02,New Brunswick,Trucks,Total overseas,13008,380
2020-02,Quebec,Passenger cars,North America,104289,3869
2020-02,Quebec,Passenger cars,Total overseas,103163,2812
2020-02,Quebec,Passenger cars,Japan,27297,932
2020-02,Quebec,Passenger cars,Other countries,75866,1880
2020-02,Quebec,Trucks,North America,727113,14004
2020-02,Quebec,Trucks,Total overseas,202795,5397
2020-02,Ontario,Passenger cars,North America,270527,8701
2020-02,Ontario,Passenger cars,Total overseas,153140,3423
2020-02,Ontario,Passenger cars,Japan,32863,854
2020-02,Ontario,Passenger cars,Other countries,120278,2569
2020-02,Ontario,Trucks,North America,1621210,35077
2020-02,Ontario,Trucks,Total overseas,330050,7822
2020-02,Manitoba,Passenger cars,North America,11407,415
2020-02,Manitoba,Passenger cars,Total overseas,5575,151
2020-02,Manitoba,Passenger cars,Japan,1340,38
2020-02,Manitoba,Passenger cars,Other countries,4234,113
2020-02,Manitoba,Trucks,North America,134763,2754
2020-02,Manitoba,Trucks,Total overseas,17479,471
2020-02,Saskatchewan,Passenger cars,North America,6937,236
2020-02,Saskatchewan,Passenger cars,Total overseas,3618,88
2020-02,Saskatchewan,Passenger cars,Japan,677,19
2020-02,Saskatchewan,Passenger cars,Other countries,2941,69
2020-02,Saskatchewan,Trucks,North America,140288,2825
2020-02,Saskatchewan,Trucks,Total overseas,14036,376
2020-02,Alberta,Passenger cars,North America,31759,1049
2020-02,Alberta,Passenger cars,Total overseas,21311,546
2020-02,Alberta,Passenger cars,Japan,5811,196
2020-02,Alberta,Passenger cars,Other countries,15501,350
2020-02,Alberta,Trucks,North America,631368,12098
2020-02,Alberta,Trucks,Total overseas,77754,1794
2020-02,British Columbia and the Territories,Passenger cars,North America,56463,1785
2020-02,British Columbia and the Territories,Passenger cars,Total overseas,55364,1279
2020-02,British Columbia and the Territories,Passenger cars,Japan,14590,434
2020-02,British Columbia and the Territories,Passenger cars,Other countries,40774,845
2020-02,British Columbia and the Territories,Trucks,North America,472945,9336
2020-02,British Columbia and the Territories,Trucks,Total overseas,108880,2454
2020-03,Newfoundland  & Labrador,Passenger cars,North America,4029,158
2020-03,Newfoundland  & Labrador,Passenger cars,Total overseas,2560,80
2020-03,Newfoundland  & Labrador,Passenger cars,Japan,0,0
2020-03,Newfoundland  & Labrador,Passenger cars,Other countries,0,0
2020-03,Newfoundland  & Labrador,Trucks,North America,43449,941
2020-03,Newfoundland  & Labrador,Trucks,Total overseas,8138,238
2020-03,Prince Edward Island,Passenger cars,North America,1512,58
2020-03,Prince Edward Island,Passenger cars,Total overseas,343,12
2020-03,Prince Edward Island,Passenger cars,Japan,0,0
2020-03,Prince Edward Island,Passenger cars,Other countries,0,0
2020-03,Prince Edward Island,Trucks,North America,8746,194
2020-03,Prince Edward Island,Trucks,Total overseas,1281,37
2020-03,Nova Scotia,Passenger cars,North America,10328,383
2020-03,Nova Scotia,Passenger cars,Total overseas,5108,158
2020-03,Nova Scotia,Passenger cars,Japan,1316,43
2020-03,Nova Scotia,Passenger cars,Other countries,3792,115
2020-03,Nova Scotia,Trucks,North America,57273,1200
2020-03,Nova Scotia,Trucks,Total overseas,15116,423
2020-03,New Brunswick,Passenger cars,North America,6748,245
2020-03,New Brunswick,Passenger cars,Total overseas,5811,165
2020-03,New Brunswick,Passenger cars,Japan,2594,73
2020-03,New Brunswick,Passenger cars,Other countries,3216,92
2020-03,New Brunswick,Trucks,North America,67735,1193
2020-03,New Brunswick,Trucks,Total overseas,9796,278
2020-03,Quebec,Passenger cars,North America,90665,3218
2020-03,Quebec,Passenger cars,Total overseas,72373,1922
2020-03,Quebec,Passenger cars,Japan,22238,699
2020-03,Quebec,Passenger cars,Other countries,50135,1223
2020-03,Quebec,Trucks,North America,488665,9075
2020-03,Quebec,Trucks,Total overseas,141314,3742
2020-03,Ontario,Passenger cars,North America,199991,6425
2020-03,Ontario,Passenger cars,Total overseas,140733,3246
2020-03,Ontario,Passenger cars,Japan,27050,817
2020-03,Ontario,Passenger cars,Other countries,113683,2429
2020-03,Ontario,Trucks,North America,1397285,28008
2020-03,Ontario,Trucks,Total overseas,286122,6602
2020-03,Manitoba,Passenger cars,North America,8416,300
2020-03,Manitoba,Passenger cars,Total overseas,4553,127
2020-03,Manitoba,Passenger cars,Japan,1723,53
2020-03,Manitoba,Passenger cars,Other countries,2831,74
2020-03,Manitoba,Trucks,North America,119492,2183
2020-03,Manitoba,Trucks,Total overseas,14666,371
2020-03,Saskatchewan,Passenger cars,North America,4697,158
2020-03,Saskatchewan,Passenger cars,Total overseas,3401,89
2020-03,Saskatchewan,Passenger cars,Japan,1134,35
2020-03,Saskatchewan,Passenger cars,Other countries,2267,54
2020-03,Saskatchewan,Trucks,North America,103623,2030
2020-03,Saskatchewan,Trucks,Total overseas,6182,164
2020-03,Alberta,Passenger cars,North America,22737,695
2020-03,Alberta,Passenger cars,Total overseas,18626,432
2020-03,Alberta,Passenger cars,Japan,5001,150
2020-03,Alberta,Passenger cars,Other countries,13625,282
2020-03,Alberta,Trucks,North America,491125,8782
2020-03,Alberta,Trucks,Total overseas,68881,1502
2020-03,British Columbia and the Territories,Passenger cars,North America,44277,1487
2020-03,British Columbia and the Territories,Passenger cars,Total overseas,45127,998
2020-03,British Columbia and the Territories,Passenger cars,Japan,12779,394
2020-03,British Columbia and the Territories,Passenger cars,Other countries,32348,604
2020-03,British Columbia and the Territories,Trucks,North America,356408,6741
2020-03,British Columbia and the Territories,Trucks,Total overseas,94808,2087
2020-04,Newfoundland  & Labrador,Passenger cars,North America,2486,102
2020-04,Newfoundland  & Labrador,Passenger cars,Total overseas,1335,39
2020-04,Newfoundland  & Labrador,Passenger cars,Japan,0,0
2020-04,Newfoundland  & Labrador,Passenger cars,Other countries,0,0
2020-04,Newfoundland  & Labrador,Trucks,North America,28675,620
2020-04,Newfoundland  & Labrador,Trucks,Total overseas,5560,165
2020-04,Prince Edward Island,Passenger cars,North America,957,31
2020-04,Prince Edward Island,Passenger cars,Total overseas,362,13
2020-04,Prince Edward Island,Passenger cars,Japan,0,0
2020-04,Prince Edward Island,Passenger cars,Other countries,0,0
2020-04,Prince Edward Island,Trucks,North America,6757,155
2020-04,Prince Edward Island,Trucks,Total overseas,1565,46
2020-04,Nova Scotia,Passenger cars,North America,6057,226
2020-04,Nova Scotia,Passenger cars,Total overseas,3169,95
2020-04,Nova Scotia,Passenger cars,Japan,783,26
2020-04,Nova Scotia,Passenger cars,Other countries,2387,69
2020-04,Nova Scotia,Trucks,North America,50441,1051
2020-04,Nova Scotia,Trucks,Total overseas,9127,251
2020-04,New Brunswick,Passenger cars,North America,4759,164
2020-04,New Brunswick,Passenger cars,Total overseas,3471,103
2020-04,New Brunswick,Passenger cars,Japan,940,30
2020-04,New Brunswick,Passenger cars,Other countries,2531,73
2020-04,New Brunswick,Trucks,North America,45146,862
2020-04,New Brunswick,Trucks,Total overseas,6134,176
2020-04,Quebec,Passenger cars,North America,33106,1068
2020-04,Quebec,Passenger cars,Total overseas,25424,637
2020-04,Quebec,Passenger cars,Japan,7484,227
2020-04,Quebec,Passenger cars,Other countries,17940,410
2020-04,Quebec,Trucks,North America,210711,3857
2020-04,Quebec,Trucks,Total overseas,47271,1257
2020-04,Ontario,Passenger cars,North America,61921,1873
2020-04,Ontario,Passenger cars,Total overseas,64892,1309
2020-04,Ontario,Passenger cars,Japan,10021,287
2020-04,Ontario,Passenger cars,Other countries,54871,1022
2020-04,Ontario,Trucks,North America,546714,10536
2020-04,Ontario,Trucks,Total overseas,113481,2556
2020-04,Manitoba,Passenger cars,North America,5788,185
2020-04,Manitoba,Passenger cars,Total overseas,3018,70
2020-04,Manitoba,Passenger cars,Japan,703,15
2020-04,Manitoba,Passenger cars,Other countries,2316,55
2020-04,Manitoba,Trucks,North America,78458,1496
2020-04,Manitoba,Trucks,Total overseas,8538,206
2020-04,Saskatchewan,Passenger cars,North America,3099,100
2020-04,Saskatchewan,Passenger cars,Total overseas,2519,72
2020-04,Saskatchewan,Passenger cars,Japan,348,11
2020-04,Saskatchewan,Passenger cars,Other countries,2171,61
2020-04,Saskatchewan,Trucks,North America,78113,1486
2020-04,Saskatchewan,Trucks,Total overseas,7080,169
2020-04,Alberta,Passenger cars,North America,21344,564
2020-04,Alberta,Passenger cars,Total overseas,17628,373
2020-04,Alberta,Passenger cars,Japan,4154,114
2020-04,Alberta,Passenger cars,Other countries,13474,259
2020-04,Alberta,Trucks,North America,340561,6407
2020-04,Alberta,Trucks,Total overseas,40577,857
2020-04,British Columbia and the Territories,Passenger cars,North America,25395,760
2020-04,British Columbia and the Territories,Passenger cars,Total overseas,29431,688
2020-04,British Columbia and the Territories,Passenger cars,Japan,8191,265
2020-04,British Columbia and the Territories,Passenger cars,Other countries,21240,423
2020-04,British Columbia and the Territories,Trucks,North America,271313,5170
2020-04,British Columbia and the Territories,Trucks,Total overseas,65637,1373
2020-05,Newfoundland  & Labrador,Passenger cars,North America,6470,248
2020-05,Newfoundland  & Labrador,Passenger cars,Total overseas,3555,105
2020-05,Newfoundland  & Labrador,Passenger cars,Japan,0,0
2020-05,Newfoundland  & Labrador,Passenger cars,Other countries,0,0
2020-05,Newfoundland  & Labrador,Trucks,North America,56507,1311
2020-05,Newfoundland  & Labrador,Trucks,Total overseas,13122,388
2020-05,Prince Edward Island,Passenger cars,North America,2254,89
2020-05,Prince Edward Island,Passenger cars,Total overseas,841,31
2020-05,Prince Edward Island,Passenger cars,Japan,0,0
2020-05,Prince Edward Island,Passenger cars,Other countries,0,0
2020-05,Prince Edward Island,Trucks,North America,12307,303
2020-05,Prince Edward Island,Trucks,Total overseas,2738,89
2020-05,Nova Scotia,Passenger cars,North America,12545,467
2020-05,Nova Scotia,Passenger cars,Total overseas,7675,221
2020-05,Nova Scotia,Passenger cars,Japan,1549,50
2020-05,Nova Scotia,Passenger cars,Other countries,6126,171
2020-05,Nova Scotia,Trucks,North America,73376,1544
2020-05,Nova Scotia,Trucks,Total overseas,17880,508
2020-05,New Brunswick,Passenger cars,North America,9171,362
2020-05,New Brunswick,Passenger cars,Total overseas,6388,177
2020-05,New Brunswick,Passenger cars,Japan,1524,48
2020-05,New Brunswick,Passenger cars,Other countries,4864,129
2020-05,New Brunswick,Trucks,North America,86709,1662
2020-05,New Brunswick,Trucks,Total overseas,16323,470
2020-05,Quebec,Passenger cars,North America,153111,5703
2020-05,Quebec,Passenger cars,Total overseas,135488,3483
2020-05,Quebec,Passenger cars,Japan,35766,1131
2020-05,Quebec,Passenger cars,Other countries,99722,2352
2020-05,Quebec,Trucks,North America,718292,15013
2020-05,Quebec,Trucks,Total overseas,241694,6585
2020-05,Ontario,Passenger cars,North America,183452,5727
2020-05,Ontario,Passenger cars,Total overseas,150635,3428
2020-05,Ontario,Passenger cars,Japan,27852,822
2020-05,Ontario,Passenger cars,Other countries,122783,2606
2020-05,Ontario,Trucks,North America,1261354,26156
2020-05,Ontario,Trucks,Total overseas,290993,6837
2020-05,Manitoba,Passenger cars,North America,11317,387
2020-05,Manitoba,Passenger cars,Total overseas,5038,134
2020-05,Manitoba,Passenger cars,Japan,1003,33
2020-05,Manitoba,Passenger cars,Other countries,4036,101
2020-05,Manitoba,Trucks,North America,105831,2072
2020-05,Manitoba,Trucks,Total overseas,16905,456
2020-05,Saskatchewan,Passenger cars,North America,6397,209
2020-05,Saskatchewan,Passenger cars,Total overseas,5123,132
2020-05,Saskatchewan,Passenger cars,Japan,989,30
2020-05,Saskatchewan,Passenger cars,Other countries,4133,102
2020-05,Saskatchewan,Trucks,North America,94571,1833
2020-05,Saskatchewan,Trucks,Total overseas,13713,370
2020-05,Alberta,Passenger cars,North America,32672,965
2020-05,Alberta,Passenger cars,Total overseas,32195,675
2020-05,Alberta,Passenger cars,Japan,6826,193
2020-05,Alberta,Passenger cars,Other countries,25368,482
2020-05,Alberta,Trucks,North America,450740,8190
2020-05,Alberta,Trucks,Total overseas,74822,1690
2020-05,British Columbia and the Territories,Passenger cars,North America,41581,1323
2020-05,British Columbia and the Territories,Passenger cars,Total overseas,47727,1032
2020-05,British Columbia and the Territories,Passenger cars,Japan,10262,313
2020-05,British Columbia and the Territories,Passenger cars,Other countries,37465,719
2020-05,British Columbia and the Territories,Trucks,North America,366739,6744
2020-05,British Columbia and the Territories,Trucks,Total overseas,96487,2054
2020-06,Newfoundland  & Labrador,Passenger cars,North America,10350,415
2020-06,Newfoundland  & Labrador,Passenger cars,Total overseas,6488,203
2020-06,Newfoundland  & Labrador,Passenger cars,Japan,0,0
2020-06,Newfoundland  & Labrador,Passenger cars,Other countries,0,0
2020-06,Newfoundland  & Labrador,Trucks,North America,84276,2153
2020-06,Newfoundland  & Labrador,Trucks,Total overseas,20659,614
2020-06,Prince Edward Island,Passenger cars,North America,3200,124
2020-06,Prince Edward Island,Passenger cars,Total overseas,1724,59
2020-06,Prince Edward Island,Passenger cars,Japan,0,0
2020-06,Prince Edward Island,Passenger cars,Other countries,0,0
2020-06,Prince Edward Island,Trucks,North America,19391,448
2020-06,Prince Edward Island,Trucks,Total overseas,4588,141
2020-06,Nova Scotia,Passenger cars,North America,17499,655
2020-06,Nova Scotia,Passenger cars,Total overseas,8850,274
2020-06,Nova Scotia,Passenger cars,Japan,2161,74
2020-06,Nova Scotia,Passenger cars,Other countries,6689,200
2020-06,Nova Scotia,Trucks,North America,90997,2079
2020-06,Nova Scotia,Trucks,Total overseas,27914,811
2020-06,New Brunswick,Passenger cars,North America,11528,433
2020-06,New Brunswick,Passenger cars,Total overseas,8934,253
2020-06,New Brunswick,Passenger cars,Japan,1838,57
2020-06,New Brunswick,Passenger cars,Other countries,7096,196
2020-06,New Brunswick,Trucks,North America,96701,1930
2020-06,New Brunswick,Trucks,Total overseas,25483,739
2020-06,Quebec,Passenger cars,North America,209711,7835
2020-06,Quebec,Passenger cars,Total overseas,193916,5095
2020-06,Quebec,Passenger cars,Japan,51451,1609
2020-06,Quebec,Passenger cars,Other countries,142465,3486
2020-06,Quebec,Trucks,North America,936415,19653
2020-06,Quebec,Trucks,Total overseas,367536,9844
2020-06,Ontario,Passenger cars,North America,237909,7631
2020-06,Ontario,Passenger cars,Total overseas,216916,4900
2020-06,Ontario,Passenger cars,Japan,40333,1200
2020-06,Ontario,Passenger cars,Other countries,176583,3700
2020-06,Ontario,Trucks,North America,1776030,35329
2020-06,Ontario,Trucks,Total overseas,448722,10571
2020-06,Manitoba,Passenger cars,North America,13161,458
2020-06,Manitoba,Passenger cars,Total overseas,8685,233
2020-06,Manitoba,Passenger cars,Japan,2017,58
2020-06,Manitoba,Passenger cars,Other countries,6668,175
2020-06,Manitoba,Trucks,North America,143338,2772
2020-06,Manitoba,Trucks,Total overseas,27473,706
2020-06,Saskatchewan,Passenger cars,North America,7018,230
2020-06,Saskatchewan,Passenger cars,Total overseas,6167,172
2020-06,Saskatchewan,Passenger cars,Japan,1207,36
2020-06,Saskatchewan,Passenger cars,Other countries,4960,136
2020-06,Saskatchewan,Trucks,North America,143926,2836
2020-06,Saskatchewan,Trucks,Total overseas,15791,409
2020-06,Alberta,Passenger cars,North America,35511,1160
2020-06,Alberta,Passenger cars,Total overseas,36764,941
2020-06,Alberta,Passenger cars,Japan,7201,228
2020-06,Alberta,Passenger cars,Other countries,29563,713
2020-06,Alberta,Trucks,North America,589506,10878
2020-06,Alberta,Trucks,Total overseas,100616,2315
2020-06,British Columbia and the Territories,Passenger cars,North America,45899,1475
2020-06,British Columbia and the Territories,Passenger cars,Total overseas,61343,1404
2020-06,British Columbia and the Territories,Passenger cars,Japan,14177,438
2020-06,British Columbia and the Territories,Passenger cars,Other countries,47166,966
2020-06,British Columbia and the Territories,Trucks,North America,411440,8170
2020-06,British Columbia and the Territories,Trucks,Total overseas,123543,2731
2020-07,Newfoundland  & Labrador,Passenger cars,North America,9507,369
2020-07,Newfoundland  & Labrador,Passenger cars,Total overseas,6341,196
2020-07,Newfoundland  & Labrador,Passenger cars,Japan,0,0
2020-07,Newfoundland  & Labrador,Passenger cars,Other countries,0,0
2020-07,Newfoundland  & Labrador,Trucks,North America,96689,2206
2020-07,Newfoundland  & Labrador,Trucks,Total overseas,20515,621
2020-07,Prince Edward Island,Passenger cars,North America,3345,132
2020-07,Prince Edward Island,Passenger cars,Total overseas,998,38
2020-07,Prince Edward Island,Passenger cars,Japan,0,0
2020-07,Prince Edward Island,Passenger cars,Other countries,0,0
2020-07,Prince Edward Island,Trucks,North America,19854,467
2020-07,Prince Edward Island,Trucks,Total overseas,5145,158
2020-07,Nova Scotia,Passenger cars,North America,17222,623
2020-07,Nova Scotia,Passenger cars,Total overseas,11897,342
2020-07,Nova Scotia,Passenger cars,Japan,2633,94
2020-07,Nova Scotia,Passenger cars,Other countries,9264,248
2020-07,Nova Scotia,Trucks,North America,113915,2522
2020-07,Nova Scotia,Trucks,Total overseas,33218,934
2020-07,New Brunswick,Passenger cars,North America,13001,489
2020-07,New Brunswick,Passenger cars,Total overseas,7632,222
2020-07,New Brunswick,Passenger cars,Japan,1973,61
2020-07,New Brunswick,Passenger cars,Other countries,5659,161
2020-07,New Brunswick,Trucks,North America,115527,2473
2020-07,New Brunswick,Trucks,Total overseas,24498,705
2020-07,Quebec,Passenger cars,North America,186350,7106
2020-07,Quebec,Passenger cars,Total overseas,204866,4893
2020-07,Quebec,Passenger cars,Japan,45231,1467
2020-07,Quebec,Passenger cars,Other countries,159635,3426
2020-07,Quebec,Trucks,North America,1040699,21576
2020-07,Quebec,Trucks,Total overseas,367337,9738
2020-07,Ontario,Passenger cars,North America,238961,8210
2020-07,Ontario,Passenger cars,Total overseas,267764,5589
2020-07,Ontario,Passenger cars,Japan,41156,1269
2020-07,Ontario,Passenger cars,Other countries,226608,4320
2020-07,Ontario,Trucks,North America,1998913,41772
2020-07,Ontario,Trucks,Total overseas,474944,11495
2020-07,Manitoba,Passenger cars,North America,14072,519
2020-07,Manitoba,Passenger cars,Total overseas,8799,234
2020-07,Manitoba,Passenger cars,Japan,2219,65
2020-07,Manitoba,Passenger cars,Other countries,6579,169
2020-07,Manitoba,Trucks,North America,176769,3468
2020-07,Manitoba,Trucks,Total overseas,26211,664
2020-07,Saskatchewan,Passenger cars,North America,6997,232
2020-07,Saskatchewan,Passenger cars,Total overseas,5650,146
2020-07,Saskatchewan,Passenger cars,Japan,1386,43
2020-07,Saskatchewan,Passenger cars,Other countries,4264,103
2020-07,Saskatchewan,Trucks,North America,162152,3206
2020-07,Saskatchewan,Trucks,Total overseas,18518,459
2020-07,Alberta,Passenger cars,North America,42201,1324
2020-07,Alberta,Passenger cars,Total overseas,36178,782
2020-07,Alberta,Passenger cars,Japan,8919,278
2020-07,Alberta,Passenger cars,Other countries,27259,504
2020-07,Alberta,Trucks,North America,734036,14180
2020-07,Alberta,Trucks,Total overseas,111447,2621
2020-07,British Columbia and the Territories,Passenger cars,North America,51066,1638
2020-07,British Columbia and the Territories,Passenger cars,Total overseas,66028,1412
2020-07,British Columbia and the Territories,Passenger cars,Japan,14925,467
2020-07,British Columbia and the Territories,Passenger cars,Other countries,51103,945
2020-07,British Columbia and the Territories,Trucks,North America,483307,9633
2020-07,British Columbia and the Territories,Trucks,Total overseas,141220,3176
2020-08,Newfoundland  & Labrador,Passenger cars,North America,10127,409
2020-08,Newfoundland  & Labrador,Passenger cars,Total overseas,4974,156
2020-08,Newfoundland  & Labrador,Passenger cars,Japan,0,0
2020-08,Newfoundland  & Labrador,Passenger cars,Other countries,0,0
2020-08,Newfoundland  & Labrador,Trucks,North America,94335,2158
2020-08,Newfoundland  & Labrador,Trucks,Total overseas,17023,513
2020-08,Prince Edward Island,Passenger cars,North America,3660,143
2020-08,Prince Edward Island,Passenger cars,Total overseas,1097,40
2020-08,Prince Edward Island,Passenger cars,Japan,0,0
2020-08,Prince Edward Island,Passenger cars,Other countries,0,0
2020-08,Prince Edward Island,Trucks,North America,23018,550
2020-08,Prince Edward Island,Trucks,Total overseas,3826,118
2020-08,Nova Scotia,Passenger cars,North America,19452,719
2020-08,Nova Scotia,Passenger cars,Total overseas,10859,323
2020-08,Nova Scotia,Passenger cars,Japan,2489,86
2020-08,Nova Scotia,Passenger cars,Other countries,8370,237
2020-08,Nova Scotia,Trucks,North America,118002,2598
2020-08,Nova Scotia,Trucks,Total overseas,32010,910
2020-08,New Brunswick,Passenger cars,North America,12387,474
2020-08,New Brunswick,Passenger cars,Total overseas,7377,211
2020-08,New Brunswick,Passenger cars,Japan,1685,52
2020-08,New Brunswick,Passenger cars,Other countries,5692,159
2020-08,New Brunswick,Trucks,North America,121504,2570
2020-08,New Brunswick,Trucks,Total overseas,22929,655
2020-08,Quebec,Passenger cars,North America,182414,6940
2020-08,Quebec,Passenger cars,Total overseas,155197,3946
2020-08,Quebec,Passenger cars,Japan,35532,1158
2020-08,Quebec,Passenger cars,Other countries,119665,2788
2020-08,Quebec,Trucks,North America,1018009,21202
2020-08,Quebec,Trucks,Total overseas,364621,9715
2020-08,Ontario,Passenger cars,North America,275546,9280
2020-08,Ontario,Passenger cars,Total overseas,242675,5137
2020-08,Ontario,Passenger cars,Japan,38183,1152
2020-08,Ontario,Passenger cars,Other countries,204492,3985
2020-08,Ontario,Trucks,North America,2128895,45199
2020-08,Ontario,Trucks,Total overseas,514098,11554
2020-08,Manitoba,Passenger cars,North America,12918,459
2020-08,Manitoba,Passenger cars,Total overseas,10115,244
2020-08,Manitoba,Passenger cars,Japan,2027,59
2020-08,Manitoba,Passenger cars,Other countries,8088,185
2020-08,Manitoba,Trucks,North America,185753,3622
2020-08,Manitoba,Trucks,Total overseas,26776,709
2020-08,Saskatchewan,Passenger cars,North America,8149,270
2020-08,Saskatchewan,Passenger cars,Total overseas,6633,147
2020-08,Saskatchewan,Passenger cars,Japan,944,30
2020-08,Saskatchewan,Passenger cars,Other countries,5689,117
2020-08,Saskatchewan,Trucks,North America,183755,3642
2020-08,Saskatchewan,Trucks,Total overseas,21237,547
2020-08,Alberta,Passenger cars,North America,48972,1575
2020-08,Alberta,Passenger cars,Total overseas,31556,676
2020-08,Alberta,Passenger cars,Japan,6420,209
2020-08,Alberta,Passenger cars,Other countries,25136,467
2020-08,Alberta,Trucks,North America,744529,14570
2020-08,Alberta,Trucks,Total overseas,97559,2304
2020-08,British Columbia and the Territories,Passenger cars,North America,55962,1854
2020-08,British Columbia and the Territories,Passenger cars,Total overseas,72830,1532
2020-08,British Columbia and the Territories,Passenger cars,Japan,15290,471
2020-08,British Columbia and the Territories,Passenger cars,Other countries,57540,1061
2020-08,British Columbia and the Territories,Trucks,North America,520014,10618
2020-08,British Columbia and the Territories,Trucks,Total overseas,143178,3295
2020-09,Newfoundland  & Labrador,Passenger cars,North America,8835,361
2020-09,Newfoundland  & Labrador,Passenger cars,Total overseas,6019,164
2020-09,Newfoundland  & Labrador,Passenger cars,Japan,0,0
2020-09,Newfoundland  & Labrador,Passenger cars,Other countries,0,0
2020-09,Newfoundland  & Labrador,Trucks,North America,88503,2050
2020-09,Newfoundland  & Labrador,Trucks,Total overseas,16516,486
2020-09,Prince Edward Island,Passenger cars,North America,2647,108
2020-09,Prince Edward Island,Passenger cars,Total overseas,1157,41
2020-09,Prince Edward Island,Passenger cars,Japan,0,0
2020-09,Prince Edward Island,Passenger cars,Other countries,0,0
2020-09,Prince Edward Island,Trucks,North America,21381,512
2020-09,Prince Edward Island,Trucks,Total overseas,4659,138
2020-09,Nova Scotia,Passenger cars,North America,17651,683
2020-09,Nova Scotia,Passenger cars,Total overseas,9577,298
2020-09,Nova Scotia,Passenger cars,Japan,2355,81
2020-09,Nova Scotia,Passenger cars,Other countries,7222,217
2020-09,Nova Scotia,Trucks,North America,124438,2789
2020-09,Nova Scotia,Trucks,Total overseas,29208,802
2020-09,New Brunswick,Passenger cars,North America,11857,463
2020-09,New Brunswick,Passenger cars,Total overseas,7299,205
2020-09,New Brunswick,Passenger cars,Japan,1811,54
2020-09,New Brunswick,Passenger cars,Other countries,5488,151
2020-09,New Brunswick,Trucks,North America,123270,2663
2020-09,New Brunswick,Trucks,Total overseas,22474,643
2020-09,Quebec,Passenger cars,North America,178872,6810
2020-09,Quebec,Passenger cars,Total overseas,173119,4145
2020-09,Quebec,Passenger cars,Japan,37804,1234
2020-09,Quebec,Passenger cars,Other countries,135315,2911
2020-09,Quebec,Trucks,North America,1056998,22224
2020-09,Quebec,Trucks,Total overseas,354988,9735
2020-09,Ontario,Passenger cars,North America,241873,8329
2020-09,Ontario,Passenger cars,Total overseas,220097,4760
2020-09,Ontario,Passenger cars,Japan,37309,1136
2020-09,Ontario,Passenger cars,Other countries,182788,3624
2020-09,Ontario,Trucks,North America,2181195,46286
2020-09,Ontario,Trucks,Total overseas,454778,10961
2020-09,Manitoba,Passenger cars,North America,14070,502
2020-09,Manitoba,Passenger cars,Total overseas,8087,206
2020-09,Manitoba,Passenger cars,Japan,1546,47
2020-09,Manitoba,Passenger cars,Other countries,6540,159
2020-09,Manitoba,Trucks,North America,194373,3900
2020-09,Manitoba,Trucks,Total overseas,24010,587
2020-09,Saskatchewan,Passenger cars,North America,9325,310
2020-09,Saskatchewan,Passenger cars,Total overseas,4762,114
2020-09,Saskatchewan,Passenger cars,Japan,1185,31
2020-09,Saskatchewan,Passenger cars,Other countries,3576,83
2020-09,Saskatchewan,Trucks,North America,194244,3778
2020-09,Saskatchewan,Trucks,Total overseas,17867,428
2020-09,Alberta,Passenger cars,North America,46109,1511
2020-09,Alberta,Passenger cars,Total overseas,35073,737
2020-09,Alberta,Passenger cars,Japan,6837,221
2020-09,Alberta,Passenger cars,Other countries,28236,516
2020-09,Alberta,Trucks,North America,779330,15305
2020-09,Alberta,Trucks,Total overseas,106693,2425
2020-09,British Columbia and the Territories,Passenger cars,North America,58760,1889
2020-09,British Columbia and the Territories,Passenger cars,Total overseas,80403,1614
2020-09,British Columbia and the Territories,Passenger cars,Japan,18856,586
2020-09,British Columbia and the Territories,Passenger cars,Other countries,61547,1028
2020-09,British Columbia and the Territories,Trucks,North America,585874,11682
2020-09,British Columbia and the Territories,Trucks,Total overseas,144635,3258
2020-10,Newfoundland  & Labrador,Passenger cars,North America,6702,273
2020-10,Newfoundland  & Labrador,Passenger cars,Total overseas,4209,131
2020-10,Newfoundland  & Labrador,Passenger cars,Japan,0,0
2020-10,Newfoundland  & Labrador,Passenger cars,Other countries,0,0
2020-10,Newfoundland  & Labrador,Trucks,North America,76321,1728
2020-10,Newfoundland  & Labrador,Trucks,Total overseas,18356,555
2020-10,Prince Edward Island,Passenger cars,North America,2717,107
2020-10,Prince Edward Island,Passenger cars,Total overseas,835,29
2020-10,Prince Edward Island,Passenger cars,Japan,0,0
2020-10,Prince Edward Island,Passenger cars,Other countries,0,0
2020-10,Prince Edward Island,Trucks,North America,19883,476
2020-10,Prince Edward Island,Trucks,Total overseas,4380,136
2020-10,Nova Scotia,Passenger cars,North America,14196,548
2020-10,Nova Scotia,Passenger cars,Total overseas,9390,281
2020-10,Nova Scotia,Passenger cars,Japan,1653,59
2020-10,Nova Scotia,Passenger cars,Other countries,7737,222
2020-10,Nova Scotia,Trucks,North America,110334,2486
2020-10,Nova Scotia,Trucks,Total overseas,31398,879
2020-10,New Brunswick,Passenger cars,North America,9770,364
2020-10,New Brunswick,Passenger cars,Total overseas,5433,173
2020-10,New Brunswick,Passenger cars,Japan,1442,52
2020-10,New Brunswick,Passenger cars,Other countries,3991,121
2020-10,New Brunswick,Trucks,North America,98474,2113
2020-10,New Brunswick,Trucks,Total overseas,22837,654
2020-10,Quebec,Passenger cars,North America,151495,5567
2020-10,Quebec,Passenger cars,Total overseas,132687,3353
2020-10,Quebec,Passenger cars,Japan,31773,1007
2020-10,Quebec,Passenger cars,Other countries,100914,2346
2020-10,Quebec,Trucks,North America,889191,19052
2020-10,Quebec,Trucks,Total overseas,380904,10353
2020-10,Ontario,Passenger cars,North America,230356,7643
2020-10,Ontario,Passenger cars,Total overseas,192569,4416
2020-10,Ontario,Passenger cars,Japan,33560,1042
2020-10,Ontario,Passenger cars,Other countries,159008,3374
2020-10,Ontario,Trucks,North America,2013457,41740
2020-10,Ontario,Trucks,Total overseas,464232,11052
2020-10,Manitoba,Passenger cars,North America,12485,451
2020-10,Manitoba,Passenger cars,Total overseas,9549,258
2020-10,Manitoba,Passenger cars,Japan,1544,45
2020-10,Manitoba,Passenger cars,Other countries,8006,213
2020-10,Manitoba,Trucks,North America,188033,3634
2020-10,Manitoba,Trucks,Total overseas,26829,682
2020-10,Saskatchewan,Passenger cars,North America,7948,265
2020-10,Saskatchewan,Passenger cars,Total overseas,3830,124
2020-10,Saskatchewan,Passenger cars,Japan,873,29
2020-10,Saskatchewan,Passenger cars,Other countries,2957,95
2020-10,Saskatchewan,Trucks,North America,177900,3474
2020-10,Saskatchewan,Trucks,Total overseas,21397,545
2020-10,Alberta,Passenger cars,North America,35743,1127
2020-10,Alberta,Passenger cars,Total overseas,22946,528
2020-10,Alberta,Passenger cars,Japan,4998,156
2020-10,Alberta,Passenger cars,Other countries,17948,372
2020-10,Alberta,Trucks,North America,729308,13761
2020-10,Alberta,Trucks,Total overseas,109633,2463
2020-10,British Columbia and the Territories,Passenger cars,North America,49193,1627
2020-10,British Columbia and the Territories,Passenger cars,Total overseas,57630,1265
2020-10,British Columbia and the Territories,Passenger cars,Japan,13635,410
2020-10,British Columbia and the Territories,Passenger cars,Other countries,43995,855
2020-10,British Columbia and the Territories,Trucks,North America,557567,11104
2020-10,British Columbia and the Territories,Trucks,Total overseas,162564,3681
2020-11,Newfoundland  & Labrador,Passenger cars,North America,4344,170
2020-11,Newfoundland  & Labrador,Passenger cars,Total overseas,2824,79
2020-11,Newfoundland  & Labrador,Passenger cars,Japan,0,0
2020-11,Newfoundland  & Labrador,Passenger cars,Other countries,0,0
2020-11,Newfoundland  & Labrador,Trucks,North America,59734,1334
2020-11,Newfoundland  & Labrador,Trucks,Total overseas,18129,531
2020-11,Prince Edward Island,Passenger cars,North America,1906,73
2020-11,Prince Edward Island,Passenger cars,Total overseas,740,27
2020-11,Prince Edward Island,Passenger cars,Japan,0,0
2020-11,Prince Edward Island,Passenger cars,Other countries,0,0
2020-11,Prince Edward Island,Trucks,North America,14001,326
2020-11,Prince Edward Island,Trucks,Total overseas,4285,129
2020-11,Nova Scotia,Passenger cars,North America,11526,432
2020-11,Nova Scotia,Passenger cars,Total overseas,7128,204
2020-11,Nova Scotia,Passenger cars,Japan,1734,61
2020-11,Nova Scotia,Passenger cars,Other countries,5394,143
2020-11,Nova Scotia,Trucks,North America,83429,1816
2020-11,Nova Scotia,Trucks,Total overseas,23576,659
2020-11,New Brunswick,Passenger cars,North America,7071,264
2020-11,New Brunswick,Passenger cars,Total overseas,4512,139
2020-11,New Brunswick,Passenger cars,Japan,940,32
2020-11,New Brunswick,Passenger cars,Other countries,3572,107
2020-11,New Brunswick,Trucks,North America,86346,1764
2020-11,New Brunswick,Trucks,Total overseas,20182,564
2020-11,Quebec,Passenger cars,North America,128420,4318
2020-11,Quebec,Passenger cars,Total overseas,110034,2679
2020-11,Quebec,Passenger cars,Japan,30282,925
2020-11,Quebec,Passenger cars,Other countries,79751,1754
2020-11,Quebec,Trucks,North America,761621,15636
2020-11,Quebec,Trucks,Total overseas,336098,8769
2020-11,Ontario,Passenger cars,North America,220200,6876
2020-11,Ontario,Passenger cars,Total overseas,173241,3975
2020-11,Ontario,Passenger cars,Japan,35556,1055
2020-11,Ontario,Passenger cars,Other countries,137685,2920
2020-11,Ontario,Trucks,North America,1726093,34786
2020-11,Ontario,Trucks,Total overseas,469109,10823
2020-11,Manitoba,Passenger cars,North America,7946,278
2020-11,Manitoba,Passenger cars,Total overseas,4282,116
2020-11,Manitoba,Passenger cars,Japan,1195,30
2020-11,Manitoba,Passenger cars,Other countries,3087,86
2020-11,Manitoba,Trucks,North America,139301,2546
2020-11,Manitoba,Trucks,Total overseas,22520,569
2020-11,Saskatchewan,Passenger cars,North America,5162,174
2020-11,Saskatchewan,Passenger cars,Total overseas,3231,81
2020-11,Saskatchewan,Passenger cars,Japan,644,16
2020-11,Saskatchewan,Passenger cars,Other countries,2587,65
2020-11,Saskatchewan,Trucks,North America,132704,2577
2020-11,Saskatchewan,Trucks,Total overseas,15479,410
2020-11,Alberta,Passenger cars,North America,26526,820
2020-11,Alberta,Passenger cars,Total overseas,19768,461
2020-11,Alberta,Passenger cars,Japan,5064,155
2020-11,Alberta,Passenger cars,Other countries,14704,306
2020-11,Alberta,Trucks,North America,574902,10715
2020-11,Alberta,Trucks,Total overseas,101340,2270
2020-11,British Columbia and the Territories,Passenger cars,North America,44132,1398
2020-11,British Columbia and the Territories,Passenger cars,Total overseas,53277,1150
2020-11,British Columbia and the Territories,Passenger cars,Japan,13145,397
2020-11,British Columbia and the Territories,Passenger cars,Other countries,40132,753
2020-11,British Columbia and the Territories,Trucks,North America,453102,8608
2020-11,British Columbia and the Territories,Trucks,Total overseas,146830,3199
